ProjectName,RelativePath,ProductArea,OutputType,TargetFramework,DependsOnCount,UsedByCount_WithinRepo,PackageReferenceCount
FTService.Extensions,FileTransferService\Source\Service Core\FTService.Extensions\FTService.Extensions.csproj,FileTransferService,Library,v3.5,2,0,0
MedStreaming.API.BL,Golden\MedStreaming.API\MedStreaming.API.BL\MedStreaming.API.BL.csproj,Golden,Library,v4.5.1,5,1,0
MedStreaming.API.ConsoleTest,Golden\MedStreaming.API\MedStreaming.API.ConsoleTest\MedStreaming.API.ConsoleTest.csproj,Golden,Exe,v4.5.2,3,0,0
MedStreaming.API.DataAccess,Golden\MedStreaming.API\MedStreaming.API.DataAccess\MedStreaming.API.DataAccess.csproj,Golden,Library,v4.5.1,2,2,0
MedStreaming.API.Model,Golden\MedStreaming.API\MedStreaming.API.Model\MedStreaming.API.Model.csproj,Golden,Library,v4.5.1,1,5,0
MedStreaming.API.Validation,Golden\MedStreaming.API\MedStreaming.API.Validation\MedStreaming.API.Validation.csproj,Golden,Library,v4.5.1,1,3,0
MedStreaming.PatientNavigator,Golden\MedStreaming.PatientNavigator\MedStreaming.PatientNavigator\MedStreaming.PatientNavigator.csproj,Golden,Library,v4.6,0,0,0
MedStreaming.Spine,Golden\MedStreaming.Spine\MedStreaming.Spine\MedStreaming.Spine.csproj,Golden,Library,v4.5,0,6,0
MedStreaming.Spine.Data,Golden\MedStreaming.Spine\MedStreaming.Spine.Data\MedStreaming.Spine.Data.csproj,Golden,Library,v4.5,2,1,0
MedStreaming.Spine.Logger,Golden\MedStreaming.Spine\MedStreaming.Spine.Logger\MedStreaming.Spine.Logger.csproj,Golden,Library,v4.5,0,0,0
MedStreaming.Spine.Model,Golden\MedStreaming.Spine\MedStreaming.Spine.Model\MedStreaming.Spine.Model.csproj,Golden,Library,v4.0,0,2,0
MedStreaming.Spine.Security,Golden\MedStreaming.Spine\MedStreaming.Spine.Security\MedStreaming.Spine.Security.csproj,Golden,Library,v4.5,0,1,0
MedStreaming.Spine.ServiceModel,Golden\MedStreaming.Spine\MedStreaming.Spine.ServiceModel\MedStreaming.Spine.ServiceModel.csproj,Golden,Library,v4.5,1,0,0
MedStreaming.Spine.Testing,Golden\MedStreaming.Spine\MedStreaming.Spine.Testing\MedStreaming.Spine.Testing.csproj,Golden,Library,v4.5,0,0,0
MedStreaming.TaskManager.DataAccess,Golden\MedStreaming.API\MedStreaming.TaskManager.DataAccess\MedStreaming.TaskManager.DataAccess.csproj,Golden,Library,v4.5.1,4,0,0
MedStreaming.ValidationEngine,Golden\MedStreaming.API\MedStreaming.ValidationEngine\MedStreaming.ValidationEngine.csproj,Golden,Library,v4.5.1,3,1,0
DCMTKWrapper,Imaging_Projects\DicomViewer\DCMTKWrapper\DCMTKWrapper.csproj,Imaging_Projects,Library,v4.8,0,1,0
DICOM,Imaging_Projects\DicomViewer\DICOMData\DICOM.csproj,Imaging_Projects,Library,v4.0,1,1,0
DICOMToolkitWrapper,Imaging_Projects\DicomViewer\DCMTKWrapper\DICOMToolkitWrapper.csproj,Imaging_Projects,Library,v4.0,0,1,0
DicomViewer,Imaging_Projects\DicomViewer\DicomViewer\DicomViewer.csproj,Imaging_Projects,WinExe,v4.0,1,0,0
Viewer,Imaging_Projects\DicomViewer\Viewer\Viewer.csproj,Imaging_Projects,WinExe,v4.8,1,0,0
MedStreaming.UnitTestProject,MedStreaming.AbstractorApp\MedStreaming.UnitTestProject\MedStreaming.UnitTestProject.csproj,MedStreaming.AbstractorApp,Library,v4.6.1,1,0,0
ClinicalApp,MedStreaming.Analytics\ProtoTypes\WebMDX\Plugins\ClinicalApp\ClinicalApp.csproj,MedStreaming.Analytics,Library,v4.0,1,0,0
CubeProcessor.CubeProcessorTask,MedStreaming.Analytics\CubeProcessor\CubeProcessor.CubeProcessorTask\CubeProcessor.CubeProcessorTask.csproj,MedStreaming.Analytics,Exe,v4.0,0,0,0
CustomAction2,MedStreaming.Analytics\setup\CustomAction_RunningInstallPs1\CustomAction2\CustomAction2.csproj,MedStreaming.Analytics,Library,v4.0,0,0,0
DataAccess,MedStreaming.Analytics\ProtoTypes\XiImporter\XiImporter\DataAccess\DataAccess.csproj,MedStreaming.Analytics,Library,v4.5,2,1,0
DataAnalytics,MedStreaming.Analytics\DataAnalytics\DataAnalytics\DataAnalytics.csproj,MedStreaming.Analytics,Library,v4.0,1,0,0
DataAnalytics.DataAccess,MedStreaming.Analytics\DataAnalytics\DataAnalytics.DataAccess\DataAnalytics.DataAccess.csproj,MedStreaming.Analytics,Library,v4.0,0,1,0
DataChartMigration,MedStreaming.Analytics\DataMigration\DataChartMigration\DataChartMigration\DataChartMigration\DataChartMigration.csproj,MedStreaming.Analytics,WinExe,v4.0,0,0,0
DataMigration,MedStreaming.Analytics\DataMigration\DataMigration.csproj,MedStreaming.Analytics,WinExe,v4.0,0,0,0
DataValidationTool,MedStreaming.Analytics\M2S\DataValidationTool\DataValidationTool\DataValidationTool\DataValidationTool.csproj,MedStreaming.Analytics,WinExe,v4.5,0,0,0
DemoApi,MedStreaming.Analytics\ProtoTypes\GridAngular2Syncfusion\DemoApi\DemoApi\DemoApi.csproj,MedStreaming.Analytics,Library,v4.5.2,0,0,0
DomainModel,MedStreaming.Analytics\ProtoTypes\XiImporter\XiImporter\DomainModel\DomainModel.csproj,MedStreaming.Analytics,Library,v4.5,1,2,0
ExcelProcessing,MedStreaming.Analytics\MedStreaming.Analytics.Gallery\ExcelProcessing\ExcelProcessing.csproj,MedStreaming.Analytics,Library,v4.0,0,0,0
Gallery-ng-cli,MedStreaming.Analytics\MedStreaming.Analytics.Gallery\Gallery-ng-cli\Gallery-ng-cli.csproj,MedStreaming.Analytics,Library,v4.5,0,0,0
GalleryCli,MedStreaming.Analytics\MedStreaming.Analytics.Gallery\GalleryCli\GalleryCli.csproj,MedStreaming.Analytics,Library,v4.5,0,0,0
GenXmla,MedStreaming.Analytics\GenXmla\GenXmla.csproj,MedStreaming.Analytics,Exe,v4.0,0,0,0
HajApp,MedStreaming.Analytics\ProtoTypes\WebMDX\Plugins\HajApp\HajApp.csproj,MedStreaming.Analytics,Library,v4.0,1,0,0
ImagesApp,MedStreaming.Analytics\ProtoTypes\WebMDX\Plugins\ImagesApp\ImagesApp.csproj,MedStreaming.Analytics,Library,v4.0,1,0,0
InterventionApp,MedStreaming.Analytics\ProtoTypes\WebMDX\Plugins\InterventionApp\InterventionApp.csproj,MedStreaming.Analytics,Library,v4.0,1,0,0
JSONEngine,MedStreaming.Analytics\MedStreaming.Analytics.Gallery\JSONEngineSample\JSONEngine\JSONEngine.csproj,MedStreaming.Analytics,Library,netstandard2.0,1,1,2
JSONEngineSample,MedStreaming.Analytics\MedStreaming.Analytics.Gallery\JSONEngineSample\JSONEngineSample\JSONEngineSample.csproj,MedStreaming.Analytics,Exe,v4.6.1,2,0,0
JsPivotTableApp,MedStreaming.Analytics\ProtoTypes\WebMDX\Plugins\JsPivotTableApp\JsPivotTableApp.csproj,MedStreaming.Analytics,Library,v4.5,1,0,0
JsonEngineLog,MedStreaming.Analytics\MedStreaming.Analytics.Gallery\JSONEngineSample\JsonEngineLog\JsonEngineLog.csproj,MedStreaming.Analytics,(unknown),netstandard2.0,0,2,0
MedStreaming.Analytics.CostRegistryIngestion,MedStreaming.Analytics\MedStreaming.Analytics.Gallery\MedStreaming.Analytics.CostRegistryIngestion\MedStreaming.Analytics.CostRegistryIngestion\MedStreaming.Analytics.CostRegistryIngestion.csproj,MedStreaming.Analytics,WinExe,v4.7.2,0,0,0
MedStreaming.Analytics.JSONEngine,MedStreaming.Analytics\MedStreaming.Analytics.Gallery\MedStreaming.Analytics.Json\MedStreaming.Analytics.JSONEngine\MedStreaming.Analytics.JSONEngine.csproj,MedStreaming.Analytics,Library,v4.6,1,2,0
MedStreaming.Analytics.Json,MedStreaming.Analytics\MedStreaming.Analytics.Gallery\MedStreaming.Analytics.Json\MedStreaming.Analytics.Json\MedStreaming.Analytics.Json.csproj,MedStreaming.Analytics,WinExe,v4.6.1,2,0,0
MedStreaming.Analytics.JsonEnginelog,MedStreaming.Analytics\MedStreaming.Analytics.Gallery\MedStreaming.Analytics.Json\MedStreaming.Analytics.JsonEnginelog\MedStreaming.Analytics.JsonEnginelog.csproj,MedStreaming.Analytics,Library,v4.5.2,0,3,0
MedStreaming.Analytics.RunJsonSilently,MedStreaming.Analytics\MedStreaming.Analytics.Gallery\MedStreaming.Analytics.Json\MedStreaming.Analytics.RunJsonSilently\MedStreaming.Analytics.RunJsonSilently.csproj,MedStreaming.Analytics,Exe,v4.8,2,0,0
MedStreaming.Analytics.UnitTesting,MedStreaming.Analytics\MedStreaming.Analytics.UnitTestingPlatform\MedStreaming.Analytics.UnitTesting\MedStreaming.Analytics.UnitTesting.csproj,MedStreaming.Analytics,Library,v4.6,1,1,0
MedStreaming.Analytics.UnitTestingPlatform,MedStreaming.Analytics\MedStreaming.Analytics.UnitTestingPlatform\MedStreaming.Analytics.UnitTestingPlatform\MedStreaming.Analytics.UnitTestingPlatform.csproj,MedStreaming.Analytics,WinExe,v4.6.1,2,0,0
MedStreaming.Analytics.UnitTestingPlatformlog,MedStreaming.Analytics\MedStreaming.Analytics.UnitTestingPlatform\MedStreaming.Analytics.UnitTestingPlatformlog\MedStreaming.Analytics.UnitTestingPlatformlog.csproj,MedStreaming.Analytics,Library,v4.5.2,0,2,0
MedStreaming.Analytics.ViewModel,MedStreaming.Analytics\MedStreaming.Analytics.Gallery\MedStreaming.Analytics.ViewModel\MedStreaming.Analytics.ViewModel.csproj,MedStreaming.Analytics,Library,v4.0,2,1,0
MedStreaming.Analytics.WebService,MedStreaming.Analytics\MedStreaming.Analytics.Gallery\MedStreaming.Analytics.WebService\MedStreaming.Analytics.WebService.csproj,MedStreaming.Analytics,Library,v4.0,1,0,0
MedStreaming.Analytics.WindowsGallery,MedStreaming.Analytics\MedStreaming.Analytics.Gallery\MedStreaming.Analytics.WindowsGallery\MedStreaming.Analytics.WindowsGallery.csproj,MedStreaming.Analytics,WinExe,v4.0,2,0,0
MedStreaming.ExcelView,MedStreaming.Analytics\MedStreaming.Analytics.Gallery\MedStreaming.ExcelView\MedStreaming.ExcelView.csproj,MedStreaming.Analytics,WinExe,v4.0,0,0,0
MedStreaming.PatMan,MedStreaming.Analytics\ProtoTypes\Sample\MedStreaming.PatMan\MedStreaming.PatMan.csproj,MedStreaming.Analytics,Library,v4.5.1,1,1,0
MedStreaming.Plugin.Arc,MedStreaming.Analytics\ProtoTypes\Sample\MedStreaming.Plugin.Arc\MedStreaming.Plugin.Arc.csproj,MedStreaming.Analytics,Library,v4.5.1,0,4,0
MedStreaming.Plugin.Arc,MedStreaming.Analytics\ProtoTypes\WebMDX\MedStreaming.Plugin.Arc\MedStreaming.Plugin.Arc.csproj,MedStreaming.Analytics,Library,v4.0,0,12,0
MedStreaming.Token,MedStreaming.Analytics\Token Manager\MedStreaming.Token\MedStreaming.Token.csproj,MedStreaming.Analytics,Library,v4.8,0,1,0
MedStreaming.Token.Test,MedStreaming.Analytics\Token Manager\MedStreaming.Token.Test\MedStreaming.Token.Test.csproj,MedStreaming.Analytics,Library,v4.5,1,0,0
MedStreaming.WIX.Generator,MedStreaming.Analytics\MedStreaming.Analytics.Gallery\MedStreaming.WIX.Generator\MedStreaming.WIX.Generator.csproj,MedStreaming.Analytics,WinExe,v4.0,0,0,0
MedStreaming.WebLogger,MedStreaming.Analytics\MedStreaming.Analytics.Gallery\MedStreaming.WebLogger\MedStreaming.WebLogger.csproj,MedStreaming.Analytics,Library,v4.0,0,2,0
MvcDemo,MedStreaming.Analytics\ProtoTypes\MvcDemo\MvcDemo\MvcDemo.csproj,MedStreaming.Analytics,Library,v4.5.2,0,0,0
PatManApp,MedStreaming.Analytics\ProtoTypes\WebMDX\Plugins\PatManApp\PatManApp.csproj,MedStreaming.Analytics,Library,v4.0,1,0,0
PatientApp,MedStreaming.Analytics\ProtoTypes\WebMDX\Plugins\PatientApp\PatientApp.csproj,MedStreaming.Analytics,Library,v4.0,1,0,0
Sample.DataAccess,MedStreaming.Analytics\ProtoTypes\Sample\Sample.DataAccess\Sample.DataAccess.csproj,MedStreaming.Analytics,Library,v4.5.1,2,1,0
Sample.Model,MedStreaming.Analytics\ProtoTypes\Sample\Sample.Model\Sample.Model.csproj,MedStreaming.Analytics,Library,v4.5.1,1,2,0
SpaceArc,MedStreaming.Analytics\ProtoTypes\WebMDX\Templates\Source\SpaceArc\SpaceArc.csproj,MedStreaming.Analytics,Library,v4.5,1,0,0
SpaceArcWizard,MedStreaming.Analytics\ProtoTypes\WebMDX\Templates\SpaceArcwizard\SpaceArcWizard.csproj,MedStreaming.Analytics,Library,v4.0,0,0,0
Test.MedStreaming.Plugin.Arc,MedStreaming.Analytics\ProtoTypes\WebMDX\Test\Test.MedStreaming.Plugin.Arc\Test.MedStreaming.Plugin.Arc.csproj,MedStreaming.Analytics,Library,v4.5.1,1,0,0
VQIApp,MedStreaming.Analytics\ProtoTypes\WebMDX\Plugins\VQIApp\VQIApp.csproj,MedStreaming.Analytics,Library,v4.5,1,0,0
Web,MedStreaming.Analytics\ProtoTypes\Sample\Web\Web.csproj,MedStreaming.Analytics,Library,v4.5.1,4,0,0
WebMDX,MedStreaming.Analytics\ProtoTypes\WebMDX\WebMDX\WebMDX.csproj,MedStreaming.Analytics,Library,v4.0,1,0,0
XPerApp,MedStreaming.Analytics\ProtoTypes\WebMDX\Plugins\XPerApp\XPerApp.csproj,MedStreaming.Analytics,Library,v4.5,1,0,0
XiImporter,MedStreaming.Analytics\ProtoTypes\XiImporter\XiImporter\XiImporter\XiImporter.csproj,MedStreaming.Analytics,Exe,v4.5,3,0,0
AutomaticAbstraction,MedStreaming.BigData\NLP\AutomaticAbstraction\AutomaticAbstraction\AutomaticAbstraction.csproj,MedStreaming.BigData,Library,v4.5.2,3,1,0
AutomaticAbstractionTests,MedStreaming.BigData\NLP\AutomaticAbstraction\AutomaticAbstractionTests\AutomaticAbstractionTests.csproj,MedStreaming.BigData,Library,v4.5.2,3,0,0
BatchReportTesting,MedStreaming.BigData\NLP\AutomaticAbstraction\BatchReportTesting\BatchReportTesting.csproj,MedStreaming.BigData,Exe,v4.5.2,4,0,0
BusinessLayer,MedStreaming.BigData\ECG\CloudPACSPortal\BusinessLayer\BusinessLayer.csproj,MedStreaming.BigData,Library,v4.5,2,0,0
CTakesCasParser,MedStreaming.BigData\NLP\CTakesCasParser\CTakesCasParser\CTakesCasParser.csproj,MedStreaming.BigData,Exe,v4.5.2,0,0,0
Common,MedStreaming.BigData\NLP\AutomaticAbstraction\Common\Common.csproj,MedStreaming.BigData,Library,v4.5.2,0,6,0
DataAccessLayer,MedStreaming.BigData\ECG\CloudPACSPortal\DataAccessLayer\DataAccessLayer.csproj,MedStreaming.BigData,Library,v4.5,2,0,0
DataAccessLayer,MedStreaming.BigData\ECG\HTML5PortalExample\DataAccessLayer\DataAccessLayer.csproj,MedStreaming.BigData,Exe,v4.5,2,0,0
DocumentProcessor,MedStreaming.BigData\NLP\AutomaticAbstraction\DocumentProcessor\DocumentProcessor.csproj,MedStreaming.BigData,Library,v4.5.2,1,5,0
DocumentProcessorTests,MedStreaming.BigData\NLP\AutomaticAbstraction\DocumentProcessorTests\DocumentProcessorTests.csproj,MedStreaming.BigData,Library,v4.5.2,2,0,0
ECGGateway,MedStreaming.BigData\ECG\ECGGateway\ECGGateway\ECGGateway.csproj,MedStreaming.BigData,Exe,v4.5,0,0,0
ECGViewer,MedStreaming.BigData\ECG\CloudPACSPortal\ECGViewer\ECGViewer.csproj,MedStreaming.BigData,Library,v4.5,2,0,0
ECGViewer,MedStreaming.BigData\ECG\HTML5PortalExample\ECGViewer\ECGViewer.csproj,MedStreaming.BigData,Library,v4.5,2,0,0
ExamAnalyserGUI,MedStreaming.BigData\Image Analytics\Crawler\ExamAnalyserGUI\ExamAnalyserGUI.csproj,MedStreaming.BigData,WinExe,v4.5.2,5,0,0
ExamIngestionService,MedStreaming.BigData\Image Analytics\ExamIngestionService\ExamIngestionService.csproj,MedStreaming.BigData,Exe,v4.5,0,0,0
InformationExtractor,MedStreaming.BigData\NLP\AutomaticAbstraction\InformationExtractor\InformationExtractor.csproj,MedStreaming.BigData,Library,v4.5.2,2,3,0
MVCPivotViewer,MedStreaming.BigData\Image Analytics\PivotViewer_ProtoType\MVCPivotViewer\MVCPivotViewer.csproj,MedStreaming.BigData,Library,v4.8,0,0,0
MVCPivotViewer,MedStreaming.BigData\Image Analytics\PivotViewer_VM_DEMO\MVCPivotViewer\MVCPivotViewer.csproj,MedStreaming.BigData,Library,v4.5.1,0,0,0
MedStreaming.AbstractorApp,MedStreaming.BigData\NLP\MedStreaming.AbstractorApp\MedStreaming.AbstractorApp\MedStreaming.AbstractorApp.csproj,MedStreaming.BigData,Exe,v4.6.1,0,0,0
MedStreaming.ImageSearch,MedStreaming.BigData\Image Analytics\MedStreaming.ImageSearch\MedStreaming.ImageSearch\MedStreaming.ImageSearch.csproj,MedStreaming.BigData,Library,v4.5.2,0,0,0
MedStreaming.MessageBus,MedStreaming.BigData\ECG\CloudPACSPortal\MedStreaming.MessageBus\MedStreaming.MessageBus.csproj,MedStreaming.BigData,Library,v4.5,0,7,0
MedStreaming.MessageBus,MedStreaming.BigData\ECG\HTML5PortalExample\MedStreaming.MessageBus\MedStreaming.MessageBus.csproj,MedStreaming.BigData,Library,v4.5,0,5,0
MedStreaming.Messages,MedStreaming.BigData\ECG\HTML5PortalExample\MedStreaming.Messages\MedStreaming.Messages.csproj,MedStreaming.BigData,Library,v4.5,1,3,0
Messages,MedStreaming.BigData\ECG\CloudPACSPortal\Messages\Messages.csproj,MedStreaming.BigData,Library,v4.5,1,3,0
PDFParser,MedStreaming.BigData\ECG\PDFsGetter\PDFParser\PDFParser.csproj,MedStreaming.BigData,Exe,v4.5,0,0,0
PDFsGetter,MedStreaming.BigData\ECG\PDFsGetter\PDFsGetter\PDFsGetter.csproj,MedStreaming.BigData,Exe,v4.5,0,0,0
Server,MedStreaming.BigData\ECG\CloudPACSPortal\Server\Server.csproj,MedStreaming.BigData,Exe,v4.5,1,0,0
Server,MedStreaming.BigData\ECG\HTML5PortalExample\Server\Server.csproj,MedStreaming.BigData,Exe,v4.5,1,0,0
StanfordNer,MedStreaming.BigData\NLP\StanfordNer\StanfordNer\StanfordNer.csproj,MedStreaming.BigData,Exe,v4.5.2,0,0,0
Viewer,MedStreaming.BigData\ECG\HTML5PortalExample\Viewer\Viewer.csproj,MedStreaming.BigData,Library,v4.5,2,0,0
testing,MedStreaming.BigData\ECG\CloudPACSPortal\testing\testing.csproj,MedStreaming.BigData,Exe,v4.5,1,0,0
testing2,MedStreaming.BigData\ECG\CloudPACSPortal\testing2\testing2.csproj,MedStreaming.BigData,Exe,v4.5,1,0,0
MedStreaming.Billing.Dashboard,MedStreaming.Billing.Dashboard\MedStreaming.Billing.Dashboard\MedStreaming.Billing.Dashboard.csproj,MedStreaming.Billing.Dashboard,Library,v4.5,0,0,0
MedStreaming.Common.Repository.UnitTests,MedStreaming.Common.Repository.UnitTests\MedStreaming.Common.Repository.UnitTests.csproj,MedStreaming.Common.Repository.UnitTests,Library,v4.0,1,0,0
MedStreaming.Comom.Test,MedStreaming.Comom.Test\MedStreaming.Comom.Test.csproj,MedStreaming.Comom.Test,Library,v4.0,2,0,0
MedStreaming.DataReplication.Conflict,MedStreaming.DataReplicationGalaxy\MedStreaming.DataReplication.Conflict\MedStreaming.DataReplication.Conflict.csproj,MedStreaming.DataReplicationGalaxy,Library,v4.8,0,0,0
MedStreaming.DataReplication.DAL,MedStreaming.DataReplicationGalaxy\MedStreaming.DataReplication.DAL\MedStreaming.DataReplication.DAL.csproj,MedStreaming.DataReplicationGalaxy,Library,v4.8,2,2,0
MedStreaming.DataReplication.Entities,MedStreaming.DataReplicationGalaxy\MedStreaming.DataReplication.Entities\MedStreaming.DataReplication.Entities.csproj,MedStreaming.DataReplicationGalaxy,Library,v4.8,0,4,0
MedStreaming.DataReplication.Observers,MedStreaming.DataReplicationGalaxy\MedStreaming.DataReplication.Observers\MedStreaming.DataReplication.Observers.csproj,MedStreaming.DataReplicationGalaxy,Library,v4.8,4,1,0
MedStreaming.DataReplication.Service,MedStreaming.DataReplicationGalaxy\MedStreaming.DataReplication.Service\MedStreaming.DataReplication.Service.csproj,MedStreaming.DataReplicationGalaxy,Library,v4.8,3,3,0
MedStreaming.DataReplication.Service.Host,MedStreaming.DataReplicationGalaxy\MedStreaming.DataReplication.Service.Host\MedStreaming.DataReplication.Service.Host.csproj,MedStreaming.DataReplicationGalaxy,Library,v4.8,1,0,0
MedStreaming.DataReplication.ServiceProxy,MedStreaming.DataReplicationGalaxy\MedStreaming.DataReplication.ServiceProxy\MedStreaming.DataReplication.ServiceProxy.csproj,MedStreaming.DataReplicationGalaxy,Library,v4.8,1,2,0
MedStreaming.DataReplication.Sync,MedStreaming.DataReplicationGalaxy\MedStreaming.DataReplication.Sync\MedStreaming.DataReplication.Sync.csproj,MedStreaming.DataReplicationGalaxy,Library,v4.8,3,0,0
MedStreaming.DataReplication.Util,MedStreaming.DataReplicationGalaxy\MedStreaming.DataReplication.Util\MedStreaming.DataReplication.Util.csproj,MedStreaming.DataReplicationGalaxy,Library,v4.8,0,2,0
MedStreaming.EmailNotifierTest,MedStreaming.EmailNotifierTest\MedStreaming.EmailNotifierTest.csproj,MedStreaming.EmailNotifierTest,Exe,v4.8,1,0,0
MedStreaming.ExamFileSync,MedStreaming.ExamFileSync\MedStreaming.ExamFileSync.csproj,MedStreaming.ExamFileSync,Library,v4.8,7,1,0
MedStreaming.ExamFileSyncCommon,MedStreaming.ExamFileSyncCommon\MedStreaming.ExamFileSyncCommon.csproj,MedStreaming.ExamFileSyncCommon,Library,v4.8,3,0,0
MedStreaming.ExamFileSyncDB,MedStreaming.ExamFileSyncDB\MedStreaming.ExamFileSyncDB.csproj,MedStreaming.ExamFileSyncDB,Library,v4.8,2,2,0
MedStreaming.ExamFileSyncGUI,MedStreaming.ExamFileSyncGUI\MedStreaming.ExamFileSyncGUI.csproj,MedStreaming.ExamFileSyncGUI,Library,v4.8,6,0,0
MedStreaming.ExternalRepositry,MedStreaming.ExternalRepositry\MedStreaming.ExternalRepositry\MedStreaming.ExternalRepositry.csproj,MedStreaming.ExternalRepositry,Library,v4.6.1,0,0,0
MedStreaming.FirstUseConfigurationManager,MedStreaming.FirstUseConfigurationManager\MedStreaming.FirstUseConfigurationManager.csproj,MedStreaming.FirstUseConfigurationManager,WinExe,v4.8,0,0,0
MedStreaming.HeartBeatGen,MedStreaming.HeartBeatGen\MedStreaming.HeartBeatGen.csproj,MedStreaming.HeartBeatGen,WinExe,v4.8,0,0,0
CreateCertificate.XUnitTest,MedStreaming.IdentityServer\CreateCertificate.XUnitTest\CreateCertificate.XUnitTest.csproj,MedStreaming.IdentityServer,(unknown),netcoreapp2.0,1,0,3
CustomSecurity,MedStreaming.IdentityServer\MedStreaming.SSRSSecurityExtention\CustomSecurity.csproj,MedStreaming.IdentityServer,Library,v4.0,0,0,0
MedStreaming.Certificate,MedStreaming.IdentityServer\MedStreaming.Certificate\MedStreaming.Certificate.csproj,MedStreaming.IdentityServer,(unknown),net10.0,0,1,4
MedStreaming.IdentityServer.XUnitTest,MedStreaming.IdentityServer\MedStreaming.IdentityServer.XUnitTest\MedStreaming.IdentityServer.XUnitTest.csproj,MedStreaming.IdentityServer,(unknown),netcoreapp2.0,1,0,4
MedStreaming.Inventory,MedStreaming.Inventory\MedStreaming.Inventory\MedStreaming.Inventory.csproj,MedStreaming.Inventory,WinExe,v4.8,3,0,0
MedStreaming.Inventory.DataAccess,MedStreaming.Inventory\MedStreaming.Inventory.DataAccess\MedStreaming.Inventory.DataAccess.csproj,MedStreaming.Inventory,Library,v4.8,1,1,0
MedStreaming.Inventory.DataModel,MedStreaming.Inventory\MedStreaming.Inventory.Model\MedStreaming.Inventory.DataModel.csproj,MedStreaming.Inventory,Library,v4.8,0,2,0
MedStreaming.Inventory.View,MedStreaming.Inventory\MedStreaming.Inventory.View\MedStreaming.Inventory.View.csproj,MedStreaming.Inventory,library,v4.8,0,1,0
MedStreaming.JobParser,MedStreaming.JobParser\MedStreaming.JobParser.csproj,MedStreaming.JobParser,Exe,v4.8,6,0,0
LookupUnitTest,MedStreaming.LookupUnitTest\LookupUnitTest\LookupUnitTest.csproj,MedStreaming.LookupUnitTest,Library,v4.8,0,0,0
MedStreaming.Mining.Test,MedStreaming.Mining\MedStreaming.Mining.Test\MedStreaming.Mining.Test.csproj,MedStreaming.Mining,WinExe,v4.8,1,0,0
MedStreaming.NotificationManager..Test,MedStreaming.NotificationManager\MedStreaming.NotificationManager..Test\MedStreaming.NotificationManager..Test.csproj,MedStreaming.NotificationManager,Library,v4.5,0,0,0
MedStreaming.NotificationManager.BL,MedStreaming.NotificationManager\MedStreaming.NotificationManager.BL\MedStreaming.NotificationManager.BL.csproj,MedStreaming.NotificationManager,Library,v4.5,2,2,0
MedStreaming.NotificationManager.DataAccess,MedStreaming.NotificationManager\MedStreaming.NotificationManager.DataAccess\MedStreaming.NotificationManager.DataAccess.csproj,MedStreaming.NotificationManager,Library,v4.5,1,2,0
MedStreaming.NotificationManager.Host,MedStreaming.NotificationManager\MedStreaming.NotificationManager.Host\MedStreaming.NotificationManager.Host.csproj,MedStreaming.NotificationManager,Exe,v4.5,2,0,0
MedStreaming.NotificationManager.Interface,MedStreaming.NotificationManager\MedStreaming.NotificationManager.Interface\MedStreaming.NotificationManager.Interface.csproj,MedStreaming.NotificationManager,Library,v4.5,0,3,0
MedStreaming.NotificationManager.Model,MedStreaming.NotificationManager\MedStreaming.NotificationManager.Model\MedStreaming.NotificationManager.Model.csproj,MedStreaming.NotificationManager,Library,v4.5,0,4,0
MedStreaming.NotificationManager.Service,MedStreaming.NotificationManager\MedStreaming.NotificationManager.Service\MedStreaming.NotificationManager.Service.csproj,MedStreaming.NotificationManager,Library,v4.5,3,2,0
MedStreaming.NotificationManager.Test,MedStreaming.NotificationManager\MedStreaming.NotificationManager.Test\MedStreaming.NotificationManager.Test.csproj,MedStreaming.NotificationManager,WinExe,v4.5,0,0,0
MedStreaming.NotificationManager.UnitTest,MedStreaming.NotificationManager\MedStreaming.NotificationManager.UnitTest\MedStreaming.NotificationManager.UnitTest.csproj,MedStreaming.NotificationManager,Library,v4.5,3,0,0
MedStreaming.NotificationManager.Util,MedStreaming.NotificationManager\MedStreaming.NotificationManager.Util\MedStreaming.NotificationManager.Util.csproj,MedStreaming.NotificationManager,Library,v4.5,0,0,0
MedStreaming.NotificationManager.Web,MedStreaming.NotificationManager\MedStreaming.NotificationManager.Web\MedStreaming.NotificationManager.Web.csproj,MedStreaming.NotificationManager,Library,v4.5,2,0,0
MedStreaming.S3Storage,MedStreaming.Storage\MedStreaming.S3Storage\MedStreaming.S3Storage\MedStreaming.S3Storage.csproj,MedStreaming.Storage,Library,v4.6.1,0,0,0
WebApiTest,MedStreaming.Storage\MedStreaming.S3Storage\WebApiTest\WebApiTest.csproj,MedStreaming.Storage,Exe,v4.5.2,0,0,0
MedStreaming.DataSync,MedStreaming.Test\SyncTest\MedStreaming.DataSync.csproj,MedStreaming.Test,WinExe,v4.8,0,0,0
Sample,MedStreaming.Test\Sample\Sample.csproj,MedStreaming.Test,Exe,v4.8,0,0,0
SqlTest,MedStreaming.Test\SqlTest\SqlTest.csproj,MedStreaming.Test,WinExe,v4.8,0,0,0
TestSync,MedStreaming.Test\SqlTest\TestSync\TestSync.csproj,MedStreaming.Test,WinExe,v4.8,2,0,0
MedStreaming.TestUnits,MedStreaming.TestUnits\MedStreaming.TestUnits.csproj,MedStreaming.TestUnits,WinExe,v4.8,8,0,0
MedStreaming.UserDashboard.DashboardDesigner,MedStreaming.UserDashboard\MedStreaming.UserDashboard.DashboardDesigner\MedStreaming.UserDashboard.DashboardDesigner.csproj,MedStreaming.UserDashboard,Library,v4.0,0,0,0
MedStreaming.UserDashboard.WebApi,MedStreaming.UserDashboard\MedStreaming.UserDashboard.WebApi\MedStreaming.UserDashboard.WebApi.csproj,MedStreaming.UserDashboard,Library,v4.5,0,0,0
MedStreaming.Viewer,MedStreaming.Viewer\Backup\MedStreaming.Viewer.csproj,MedStreaming.Viewer,WinExe,v4.8,0,0,0
Billing.HTML5,MedStreaming.Web\Billing.HTML5\Billing.HTML5\Billing.HTML5.csproj,MedStreaming.Web,Library,v4.6.1,0,0,0
BillingGeneration,MedStreaming.Web\Billing\MedStreaming.Web.DocumentGeneration\BillingGeneration\BillingGeneration\BillingGeneration.csproj,MedStreaming.Web,WinExe,v4.8,0,0,0
MSWBxSilverlightApplication,MedStreaming.Web\Whiteboard\MSWBxSilverlightApplication\MSWBxSilverlightApplication.csproj,MedStreaming.Web,Library,v4.8,0,1,0
MSWBxSilverlightApplication.Web,MedStreaming.Web\Whiteboard\MSWBxSilverlightApplication.Web\MSWBxSilverlightApplication.Web.csproj,MedStreaming.Web,Library,v4.0,0,0,0
ManagementTools,MedStreaming.Web\Whiteboard\ManagementTools\ManagementTools.csproj,MedStreaming.Web,Library,v5.0,1,0,0
MedStreaming.Billing.Config.Server,MedStreaming.Web\Billing\MedStreaming.Web.Config.Server\MedStreaming.Billing.Config.Server.csproj,MedStreaming.Web,Library,v4.0,0,0,0
MedStreaming.Billing.Server.NamedPipeService,MedStreaming.Web\Billing\MedStreaming.Billing.Server.NamedPipeService\MedStreaming.Billing.Server.NamedPipeService.csproj,MedStreaming.Web,Exe,v4.8,6,0,0
MedStreaming.Billing.Tools,MedStreaming.Web\Billing\MedStreaming.Billing.Tools\MedStreaming.Billing.Tools.csproj,MedStreaming.Web,WinExe,v4.8,3,0,0
MedStreaming.Client.Worksheet.Web.Common,MedStreaming.Web\MedStreaming.Web.Worksheet\Web.Common\MedStreaming.Client.Worksheet.Web.Common.csproj,MedStreaming.Web,Library,v4.0,0,3,0
MedStreaming.Client.Worksheet.WebCore,MedStreaming.Web\MedStreaming.Web.Worksheet\WebCore\MedStreaming.Client.Worksheet.WebCore.csproj,MedStreaming.Web,Library,v4.0,0,1,0
MedStreaming.Client.Worksheet.WebHost,MedStreaming.Web\MedStreaming.Web.Worksheet\WebHost\MedStreaming.Client.Worksheet.WebHost.csproj,MedStreaming.Web,WinExe,v4.0,1,0,0
MedStreaming.Client.Worksheet.WebHostLib,MedStreaming.Web\MedStreaming.Web.Worksheet\WebHostLib\MedStreaming.Client.Worksheet.WebHostLib.csproj,MedStreaming.Web,Library,v4.0,2,1,0
MedStreaming.Client.Worksheet.WebMVC,MedStreaming.Web\MedStreaming.Web.Worksheet\WebMVC\MedStreaming.Client.Worksheet.WebMVC.csproj,MedStreaming.Web,Library,v4.0,1,0,0
MedStreaming.Client.Worksheet.WebUI,MedStreaming.Web\MedStreaming.Web.Worksheet\WebUI\MedStreaming.Client.Worksheet.WebUI.csproj,MedStreaming.Web,Library,v4.0,1,0,0
MedStreaming.DashBoard,MedStreaming.Web\MedStreaming.DashBoard\MedStreaming.DashBoard\MedStreaming.DashBoard.csproj,MedStreaming.Web,Library,v4.5,6,0,0
MedStreaming.DashBoard.Common,MedStreaming.Web\MedStreaming.DashBoard\MedStreaming.DashBoard.Common\MedStreaming.DashBoard.Common.csproj,MedStreaming.Web,Library,v4.5,1,4,0
MedStreaming.DashBoard.DataAccess,MedStreaming.Web\MedStreaming.DashBoard\MedStreaming.DashBoard.DataAccess\MedStreaming.DashBoard.DataAccess.csproj,MedStreaming.Web,Library,v4.5,4,0,0
MedStreaming.DashBoard.Entity,MedStreaming.Web\MedStreaming.DashBoard\MedStreaming.DashBoard.Entity\MedStreaming.DashBoard.Entity.csproj,MedStreaming.Web,Library,v4.5,0,3,0
MedStreaming.DashBoard.Kendo,MedStreaming.Web\MedStreaming.DashBoard\MedStreaming.DashBoard.Kendo\MedStreaming.DashBoard.Kendo.csproj,MedStreaming.Web,Library,v4.0,0,1,0
MedStreaming.DashBoard.Model,MedStreaming.Web\MedStreaming.DashBoard\MedStreaming.Dashboard.Model\MedStreaming.DashBoard.Model.csproj,MedStreaming.Web,Library,v4.0,0,8,0
MedStreaming.DashBoard.Repository,MedStreaming.Web\MedStreaming.DashBoard\MedStreaming.DashBoard.DataAccess\MedStreaming.DashBoard.Repository.csproj,MedStreaming.Web,Library,v4.5,4,1,0
MedStreaming.DashBoard.Service,MedStreaming.Web\MedStreaming.DashBoard\MedStreaming.DashBoard.Service\MedStreaming.DashBoard.Service.csproj,MedStreaming.Web,WinExe,v4.5,3,0,0
MedStreaming.DashBoard.Service.Common,MedStreaming.Web\MedStreaming.DashBoard\MedStreaming.DashBoard.Service.Common\MedStreaming.DashBoard.Service.Common.csproj,MedStreaming.Web,Library,v4.0,2,2,0
MedStreaming.DashBoard.Service.Test,MedStreaming.Web\MedStreaming.DashBoard\MedStreaming.DashBoard.Service.Test\MedStreaming.DashBoard.Service.Test.csproj,MedStreaming.Web,WinExe,v4.5,4,0,0
MedStreaming.DashBoard.Utility,MedStreaming.Web\MedStreaming.DashBoard\MedStreaming.DashBoard.Utility\MedStreaming.DashBoard.Utility.csproj,MedStreaming.Web,Library,v4.0,0,6,0
MedStreaming.OneEMRPage,MedStreaming.Web\MedStreaming.WebEMR\MedStreaming.OneEMRPage\MedStreaming.OneEMRPage.csproj,MedStreaming.Web,Library,v4.0,0,0,0
MedStreaming.Portal.Imaging.Common,MedStreaming.Web\MedStreaming.Portal.Imaging\MedStreaming.Portal.Imaging.Common\MedStreaming.Portal.Imaging.Common.csproj,MedStreaming.Web,Library,v4.0,4,2,0
MedStreaming.Portal.Imaging.MVC,MedStreaming.Web\MedStreaming.Portal.Imaging\MedStreaming.Portal.Imaging.MVC\MedStreaming.Portal.Imaging.MVC.csproj,MedStreaming.Web,Library,v4.0,3,0,0
MedStreaming.Portal.Imaging.Model,MedStreaming.Web\MedStreaming.Portal.Imaging\MedStreaming.Portal.Imaging.Model\MedStreaming.Portal.Imaging.Model.csproj,MedStreaming.Web,Library,v4.0,0,3,0
MedStreaming.Portal.Imaging.Repository,MedStreaming.Web\MedStreaming.Portal.Imaging\MedStreaming.Portal.Imaging.Repository\MedStreaming.Portal.Imaging.Repository.csproj,MedStreaming.Web,Library,v4.0,2,3,0
MedStreaming.Portal.Imaging.Test,MedStreaming.Web\MedStreaming.Portal.Imaging\MedStreaming.Portal.Imaging.Test\MedStreaming.Portal.Imaging.Test.csproj,MedStreaming.Web,WinExe,v4.0,3,0,0
MedStreaming.WebEMR,MedStreaming.Web\MedStreaming.WebEMR\MedStreaming.WebEMR\MedStreaming.WebEMR.csproj,MedStreaming.Web,Library,v4.0,2,0,0
MedStreaming.WebEMR.Configurations,MedStreaming.Web\MedStreaming.WebEMR\MedStreaming.WebEMR.Configurations\MedStreaming.WebEMR.Configurations.csproj,MedStreaming.Web,Library,v4.0,1,1,0
MedStreaming.WebEMR.DAL,MedStreaming.Web\MedStreaming.WebEMR\MedStreaming.WebEMR.DAL\MedStreaming.WebEMR.DAL.csproj,MedStreaming.Web,Library,v4.0,0,1,0
MedStreaming.WebEMR.Models,MedStreaming.Web\MedStreaming.WebEMR\MedStreaming.WebEMR.Models\MedStreaming.WebEMR.Models.csproj,MedStreaming.Web,Library,v4.0,3,1,0
Medstreaming.Billing.Server.MessageTransmissin.Tests2,MedStreaming.Web\Billing\Medstreaming.Billing.Server.MessageTransmissin.Tests2\Medstreaming.Billing.Server.MessageTransmissin.Tests2.csproj,MedStreaming.Web,Library,v4.8,12,0,0
Medstreaming.DashBoard.Console,MedStreaming.Web\MedStreaming.DashBoard\Medstreaming.DashBoard.Console\Medstreaming.DashBoard.Console.csproj,MedStreaming.Web,Exe,v4.5.1,1,0,0
SharpGIS.MouseExtensions,MedStreaming.Web\Whiteboard\3rd party\example\SharpGIS.MouseExtensions\SharpGIS.MouseExtensions.csproj,MedStreaming.Web,Library,v4.8,0,0,0
Test,MedStreaming.Web\Billing\Test\Test.csproj,MedStreaming.Web,Exe,v4.8,0,0,0
WebLogger,MedStreaming.Web\MedStreaming.WebEMR\WebLogger\WebLogger.csproj,MedStreaming.Web,Library,v4.0,0,3,0
slcontrolroom,MedStreaming.Web\slcontrolroom\slcontrolroom\slcontrolroom.csproj,MedStreaming.Web,Library,v4.8,0,0,0
slcontrolroom.Web,MedStreaming.Web\slcontrolroom\slcontrolroom.Web\slcontrolroom.Web.csproj,MedStreaming.Web,Library,v4.8,0,0,0
MedStreaming.WebDataSync.Contracts,MedStreaming.WebDataSync.Contracts\MedStreaming.WebDataSync.Contracts.csproj,MedStreaming.WebDataSync.Contracts,Library,v4.8,0,2,0
MedStreaming.WebDataSync.Server,MedStreaming.WebDataSync.Server\MedStreaming.WebDataSync.Server.csproj,MedStreaming.WebDataSync.Server,Library,v4.8,5,1,0
MedStreaming.WebDataSync.Server.Host,MedStreaming.WebDataSync.Server.Host\MedStreaming.WebDataSync.Server.Host.csproj,MedStreaming.WebDataSync.Server.Host,Library,v4.8,1,0,0
ExamLayoutCloningTool,MedStreaming.WebPlatform\ExamLayoutCloningTool\ExamLayoutCloningTool\ExamLayoutCloningTool.csproj,MedStreaming.WebPlatform,WinExe,netcoreapp3.1,0,0,0
MedStreaming.LoggerUtility,MedStreaming.WebPlatform\MedStreaming.LoggerUtility\MedStreaming.LoggerUtility.csproj,MedStreaming.WebPlatform,(unknown),netcoreapp3.1,2,0,4
MedStreaming.WebUI,MedStreaming.WebPlatform\MedStreaming.WebUI\MedStreaming.WebUI.csproj,MedStreaming.WebPlatform,(unknown),net10.0,1,0,4
MedStreaming.MiningWeb.ModelView,MedStreaming.WebServices.DataMining\DataMiningUI\MedStreaming.MiningWeb.ModelView\MedStreaming.MiningWeb.ModelView.csproj,MedStreaming.WebServices.DataMining,Library,v4.0,0,1,0
MedStreaming.MiningWeb.View,MedStreaming.WebServices.DataMining\DataMiningUI\MedStreaming.MiningWeb.View\MedStreaming.MiningWeb.View.csproj,MedStreaming.WebServices.DataMining,Library,v4.0,0,0,0
MedStreaming.MiningWebUI,MedStreaming.WebServices.DataMining\DataMiningUI\MedStreaming.MiningWebUI\MedStreaming.MiningWebUI.csproj,MedStreaming.WebServices.DataMining,Library,v4.0,1,0,0
MedStreaming.MiningWebUI.Web,MedStreaming.WebServices.DataMining\DataMiningUI\MedStreaming.MiningWebUI.Web\MedStreaming.MiningWebUI.Web.csproj,MedStreaming.WebServices.DataMining,Library,v4.0,0,0,0
MedStreaming.WebServices.DataMining,MedStreaming.WebServices.DataMining\MultiRepositoryService\MedStreaming.WebServices.DataMining\MedStreaming.WebServices.DataMining.csproj,MedStreaming.WebServices.DataMining,Library,v4.0,0,2,0
MedStreaming.WebServices.SelfHost,MedStreaming.WebServices.DataMining\MultiRepositoryService\MedStreaming.WebServices.SelfHost\MedStreaming.WebServices.SelfHost.csproj,MedStreaming.WebServices.DataMining,WinExe,v4.0,1,0,0
TestClient,MedStreaming.WebServices.DataMining\MultiRepositoryService\TestClient\TestClient.csproj,MedStreaming.WebServices.DataMining,Exe,v4.0,1,0,0
Medstreaming.AWS.ControlCenter,Medstreaming.AWS.ControlCenter\Medstreaming.AWS.ControlCenter.csproj,Medstreaming.AWS.ControlCenter,Exe,v4.0,0,0,0
Medstreaming.AWS.QueryTool,Medstreaming.AWS.QueryTool\Medstreaming.AWS.QueryTool.csproj,Medstreaming.AWS.QueryTool,Exe,v4.0,0,0,0
MedStreaming.DataSync,Medstreaming.DataSync\MedStreaming.DataSync.csproj,Medstreaming.DataSync,Library,v4.8,7,2,0
Medstreaming.EMR.Web.API,Medstreaming.EMR.Web.API\Medstreaming.EMR.Web.API.csproj,Medstreaming.EMR.Web.API,Library,v4.5,0,0,0
DesktopHost,Medstreaming.ExamList.Web\DesktopHost\DesktopHost.csproj,Medstreaming.ExamList.Web,WinExe,v4.5,0,0,0
WebExamList,Medstreaming.ExamList.Web\WebExamList\WebExamList.csproj,Medstreaming.ExamList.Web,Library,v4.5,0,0,0
Medstreaming.Portal,Medstreaming.Portal\Medstreaming.Portal\Medstreaming.Portal\Medstreaming.Portal.csproj,Medstreaming.Portal,WinExe,v4.8,0,0,0
MedStreaming.Dashboard.Watchdog.Tests,Medstreaming.Server.Dashboard\MedStreaming.Dashboard.Watchdog.Tests\MedStreaming.Dashboard.Watchdog.Tests.csproj,Medstreaming.Server.Dashboard,Library,v4.8,1,0,0
Medstreaming.ServerController,Medstreaming.ServerController\Medstreaming.ServerController.csproj,Medstreaming.ServerController,WinExe,v4.0,1,0,0
Medstreaming.ServerController.Contracts,Medstreaming.ServerController.Contracts\Medstreaming.ServerController.Contracts.csproj,Medstreaming.ServerController.Contracts,Library,v4.0,0,4,0
Medstreaming.ServerController.Core,Medstreaming.ServerController.Core\Medstreaming.ServerController.Core.csproj,Medstreaming.ServerController.Core,Library,v4.0,1,1,0
Medstreaming.ServerControllerHost,Medstreaming.ServerControllerHost\Medstreaming.ServerControllerHost.csproj,Medstreaming.ServerControllerHost,Exe,v4.0,2,0,0
Medstreaming.ServerControllerTst,Medstreaming.ServerControllerTst\Medstreaming.ServerControllerTst.csproj,Medstreaming.ServerControllerTst,Exe,v4.0,1,0,0
SupportUtil.DBCorrection,Medstreaming.SupportUtility\SupportUtil.DBCorrection\DBCorrectionTool\SupportUtil.DBCorrection.csproj,Medstreaming.SupportUtility,WinExe,v4.8,0,0,0
Medstreaming.Test.VHStarter,Medstreaming.Test.VHStarter\Medstreaming.Test.VHStarter.csproj,Medstreaming.Test.VHStarter,WinExe,v4.8,2,0,0
Medstreaming.UnitTest,Medstreaming.UnitTest\Medstreaming.UnitTest.csproj,Medstreaming.UnitTest,Library,v4.6.1,2,0,0
MedStreaming.WebLogger.SLTestClient,Medstreaming.WebLogger\MedStreaming.WebLogger.SLTestClient\MedStreaming.WebLogger.SLTestClient.csproj,Medstreaming.WebLogger,Library,v3.0,1,0,0
MedStreaming.WebLogger.SLTestClient.Web,Medstreaming.WebLogger\MedStreaming.WebLogger.SLTestClient.Web\MedStreaming.WebLogger.SLTestClient.Web.csproj,Medstreaming.WebLogger,Library,v4.8,2,0,0
MedStreaming.WebLogger.TestClient,Medstreaming.WebLogger\MedStreaming.WebLogger.TestClient\MedStreaming.WebLogger.TestClient.csproj,Medstreaming.WebLogger,WinExe,v4.8,2,0,0
Medstreaming.WebLogger.Models,Medstreaming.WebLogger\Medstreaming.WebLogger\Medstreaming.WebLogger.Models.csproj,Medstreaming.WebLogger,(unknown),,0,0,0
NotificationBar,NotificationBar\NotificationBar.csproj,NotificationBar,Library,v2.0,0,0,0
NotificationBar,NotificationBar\Backup\NotificationBar.csproj,NotificationBar,Library,,0,0,0
PropertyBag,PropertyBag\PropertyBag.csproj,PropertyBag,WinExe,,1,0,0
PropertyBag,PropertyBag\Backup\PropertyBag.csproj,PropertyBag,(unknown),,0,0,0
AmazonSES.Test,Tools\Amazon\AmazonSES\AmazonSESTest\AmazonSES.Test.csproj,Tools,Exe,v4.5,1,0,0
AmazonSESWrapper,Tools\Amazon\AmazonSES\AmazonSES\AmazonSESWrapper.csproj,Tools,Library,v4.8,0,1,0
AppExamCreator,Tools\AppointmentsExamCreator\AppExamCreator\AppExamCreator\AppExamCreator.csproj,Tools,WinExe,v4.8,0,0,0
AutomatedReportGeneration,Tools\AutomatedReportGeneration\AutomatedReportGeneration.csproj,Tools,Exe,v4.0,0,0,0
Base64En_DecodingTool,Tools\Base64En_DecodingTool\Base64En_DecodingTool\Base64En_DecodingTool.csproj,Tools,WinExe,v4.0,0,0,0
CRClient,Tools\ControlRoomData\solutionConsumer\CRClient.csproj,Tools,WinExe,v4.8,1,0,0
CalcQueryPerformance,Tools\CalcQueryPerformance\CalcQueryPerformance.csproj,Tools,Exe,v4.0,0,0,0
Core,Tools\CustomersManagement\SyncCheckerTracker\Models\Core.csproj,Tools,Library,v4.5,0,0,0
DAL,Tools\RegenerateJobsCreator\DAL\DAL.csproj,Tools,Library,v3.5,0,1,0
DBRepositoryComparer,Tools\DBRepositoryComparer\DBRepositoryComparer\DBRepositoryComparer.csproj,Tools,WinExe,v4.8,0,0,0
DCSLoader,Tools\DCSLoader\DCSLoader\DCSLoader.csproj,Tools,WinExe,v4.0,0,0,0
DataManagment,Tools\CustomersManagement\SyncCheckerTracker\DataManagment\DataManagment.csproj,Tools,Library,v4.5,2,1,0
EmailFetcher,Tools\CustomersManagement\SyncCheckerTracker\EmailFetcher\EmailFetcher.csproj,Tools,Library,v4.5,1,1,0
EmailParser,Tools\CustomersManagement\SyncCheckerTracker\EmailParser\EmailParser.csproj,Tools,Library,v4.5,1,1,0
EndeavorsPlugin,Tools\EndeavorsPlugin\EndeavorsPlugin\EndeavorsPlugin.csproj,Tools,WinExe,v4.8,0,0,0
ExamData.Logger,Tools\RegenerateJobsCreator\Logger\ExamData.Logger.csproj,Tools,Library,netstandard2.0,0,0,1
FCCIInventoryLoader,Tools\FCCIInventoryLoader\FCCIInventoryLoader\FCCIInventoryLoader.csproj,Tools,WinExe,v4.8,0,0,0
Finder,Tools\LogsFinder\Finder\Finder\Finder.csproj,Tools,WinExe,v4.8,0,0,0
FixOldWorksheets,Tools\FixOldWorksheets\FixOldWorksheets\FixOldWorksheets.csproj,Tools,Exe,v4.5,0,0,0
FixWorksheetCalcDependencies,Tools\FixWorksheetCalcDependencies\FixWorksheetCalcDependencies\FixWorksheetCalcDependencies.csproj,Tools,WinExe,v4.0,0,0,0
InconsistencyFixing,Tools\InconsistencyFixing\InconsistencyFixing.csproj,Tools,WinExe,v4.8,0,0,0
Mach7BackEndDEmo,Tools\Mach7BackEndDEmo\Mach7BackEndDEmo\Mach7BackEndDEmo.csproj,Tools,Library,v4.6.1,0,0,0
MacroCreator,Tools\MacroCreator\MacroCreator\MacroCreator.csproj,Tools,WinExe,v4.0,0,0,0
MailSystem.NET,Tools\Medstreaming.SVNMailService\MailSystem.NET\MailSystem.NET.csproj,Tools,Exe,v4.5,0,0,0
MedStreaming.AnalysisPackageDeployment,Tools\MedStreaming.AnalysisPackageDeployment\MedStreaming.AnalysisPackageDeployment\MedStreaming.AnalysisPackageDeployment.csproj,Tools,WinExe,v4.5,0,0,0
MedStreaming.CofigCopier.ConsoleApp,Tools\MedStreaming.ConfigCopier\MedStreaming.CofigCopier.ConsoleApp\MedStreaming.CofigCopier.ConsoleApp.csproj,Tools,Exe,v4.5,0,0,0
MedStreaming.ConfigCopier,Tools\MedStreaming.ConfigCopier\MedStreaming.ConfigCopier\MedStreaming.ConfigCopier.csproj,Tools,WinExe,v4.0,0,0,0
MedStreaming.ConfigCopier,Tools\fivos.configcopier\MedStreaming.ConfigCopier\MedStreaming.ConfigCopier.csproj,Tools,WinExe,v4.0,0,0,0
MedStreaming.ConfigCopier.Util,Tools\MedStreaming.ConfigCopier\MedStreaming.ConfigCopier.Util\MedStreaming.ConfigCopier.Util.csproj,Tools,Exe,v4.0,0,0,0
MedStreaming.DevTools,Tools\MedStreaming.DevTools\MedStreaming.DevTools\MedStreaming.DevTools.csproj,Tools,WinExe,v4.5,0,0,0
MedStreaming.DocumentGenerator,Tools\TemplateGeneration\DocumentGenerator\MedStreaming.DocumentGenerator.csproj,Tools,Library,v4.8,0,2,0
MedStreaming.DumpAnalysisPackage,Tools\MedStreaming.DumpAnalysisPackage\MedStreaming.DumpAnalysisPackage\MedStreaming.DumpAnalysisPackage.csproj,Tools,WinExe,v4.0,0,0,0
MedStreaming.EncryptionTool,Tools\EncryptionTool\MedStreaming.EncryptionTool.csproj,Tools,WinExe,v4.5.2,0,0,0
MedStreaming.GenerationUtilMonitor,Tools\MedStreaming.GenerationUtilMonitor\MedStreaming.GenerationUtilMonitor\MedStreaming.GenerationUtilMonitor.csproj,Tools,WinExe,v4.8,0,0,0
MedStreaming.InvasiveRuntimeMigraionTool,Tools\MedStreaming.InvasiveRuntimeMigraionTool\MedStreaming.InvasiveRuntimeMigraionTool\MedStreaming.InvasiveRuntimeMigraionTool.csproj,Tools,Exe,v4.5,2,0,0
MedStreaming.InvasiveRuntimeMigraionTool.DALayer,Tools\MedStreaming.InvasiveRuntimeMigraionTool\MedStreaming.InvasiveRuntimeMigraionTool.DALayer\MedStreaming.InvasiveRuntimeMigraionTool.DALayer.csproj,Tools,Library,v4.5,1,1,0
MedStreaming.InvasiveRuntimeMigrationTool.Utilities,Tools\MedStreaming.InvasiveRuntimeMigraionTool\MedStreaming.InvasiveRuntimeMigrationTool.Utilities\MedStreaming.InvasiveRuntimeMigrationTool.Utilities.csproj,Tools,Library,v4.5,0,2,0
MedStreaming.PHIRemoving,Tools\MedStreaming.PHIRemoving\MedStreaming.PHIRemoving\MedStreaming.PHIRemoving.csproj,Tools,Exe,v4.5,0,0,0
MedStreaming.ReleaseTool,Tools\MedStreaming.ReleaseTool\MedStreaming.ReleaseTool\MedStreaming.ReleaseTool.csproj,Tools,WinExe,v4.5,0,0,0
MedStreaming.TestVsProduction,Tools\MedStreaming.TestVsProduction\MedStreaming.TestVsProduction\MedStreaming.TestVsProduction.csproj,Tools,WinExe,v4.0,0,0,0
MedStreaming.UpgradeScripts,Tools\MedStreaming.UpgradeScripts\MedStreaming.UpgradeScripts\MedStreaming.UpgradeScripts.csproj,Tools,WinExe,v4.5,0,0,0
MedStreaming.UtilHost.Tester,Tools\MedStreaming.UtilHost.Tester\MedStreaming.UtilHost.Tester.csproj,Tools,WinExe,v4.8,0,0,0
MedStreaming.XmlComparer,Tools\MedStreaming.XmlComparer\MedStreaming.XmlComparer.csproj,Tools,Library,v4.8,0,0,0
MedStreaming.XmlComparer,Tools\MedStreaming.XmlComparer\MedStreaming.XmlComparer\MedStreaming.XmlComparer.csproj,Tools,Library,v4.8,0,1,0
MedStreaming.XmlComparer.Test,Tools\MedStreaming.XmlComparer\MedStreaming.XmlComparer.Test\MedStreaming.XmlComparer.Test.csproj,Tools,WinExe,v4.8,1,0,0
MedStreamingEntityModel,Tools\ControlRoomData\MedStreamingEntityModel\MedStreamingEntityModel.csproj,Tools,Library,v4.8,0,1,0
Medstreaming.CalcFunctionChecker,Tools\Medstreaming.CalcFunctionChecker\Medstreaming.CalcFunctionChecker\Medstreaming.CalcFunctionChecker.csproj,Tools,WinExe,v4.5,0,0,0
Medstreaming.ExcelToReportTemplate,Tools\Medstreaming.ExcelToReportTemplate\Medstreaming.ExcelToReportTemplate\Medstreaming.ExcelToReportTemplate.csproj,Tools,Library,v4.5,0,0,0
Medstreaming.Hashing,Tools\Medstreaming.Hashing\Medstreaming.Hashing\Medstreaming.Hashing.csproj,Tools,WinExe,v4.6.1,0,0,0
Medstreaming.Mgm.Update.Tool,Tools\Medstreaming.Mgm.Update.Tool\Medstreaming.Mgm.Update.Tool\Medstreaming.Mgm.Update.Tool.csproj,Tools,Library,v4.5,0,0,0
Medstreaming.StudyIntegration.Test,Tools\Medstreaming.StudyIntegration.Test\Medstreaming.StudyIntegration.Test\Medstreaming.StudyIntegration.Test.csproj,Tools,Exe,v4.8,0,0,0
Medstreaming.SvnMailService,Tools\Medstreaming.SVNMailService\Medstreaming.SvnMailSystem\Medstreaming.SvnMailService.csproj,Tools,WinExe,v4.5,0,0,0
Medstreaming.TemplateGenerator,Tools\TemplateGeneration\TemplateGenerator\Medstreaming.TemplateGenerator.csproj,Tools,Library,v4.8,1,1,0
MedstreamingIntegration,Tools\MedstreamingIntegration\MedstreamingIntegration\MedstreamingIntegration.csproj,Tools,WinExe,v4.5,0,0,0
MedstreamingMapping,Tools\M2S\MedstreamingMapping\MedstreamingMapping.csproj,Tools,WinExe,v4.8,0,0,0
MigrationTool,Tools\MigrationTool\MigrationTool\MigrationTool.csproj,Tools,WinExe,v4.8,0,0,0
Models,Tools\CustomersManagement\SyncCheckerTracker\Models\Models.csproj,Tools,Library,v4.5,0,4,0
NestedProcedureLog,Tools\NestedProcedureLog\NestedProcedureLog\NestedProcedureLog.csproj,Tools,WinExe,v4.0,0,0,0
OB_lookupTable,Tools\OB_lookupTable\OB_lookupTable.csproj,Tools,WinExe,v4.8,0,0,0
ParagraphCreator,Tools\ParagraphCreator\ParagraphCreator.csproj,Tools,WinExe,v4.8,0,0,0
PatientChartsHelper,Tools\PatientChartsHelper\PatientChartsHelper\PatientChartsHelper\PatientChartsHelper.csproj,Tools,WinExe,v4.8,0,0,0
PerfLog,Tools\PerfLog\PerfLog\PerfLog.csproj,Tools,WinExe,v4.5,0,0,0
RegenerateJobsCreator,Tools\RegenerateJobsCreator\RegenerateJobsCreator.csproj,Tools,WinExe,v3.5,1,0,0
ReleaseNotes,Tools\ReleaseNotes\ReleaseNotes.csproj,Tools,WinExe,v4.5.2,0,0,0
ReportSectionsDataViewer,Tools\ReportSectionsDataViewer\ReportSectionsDataViewer\ReportSectionsDataViewer.csproj,Tools,WinExe,v4.8,0,0,0
ScriptsDiff,Tools\ScriptsDiff\ScriptsDiff\ScriptsDiff.csproj,Tools,WinExe,v3.5,0,0,0
SqlServerDBAccess,Tools\CustomersManagement\SyncCheckerTracker\SqlServerDBAccess\SqlServerDBAccess.csproj,Tools,Library,v4.5,0,1,0
SyncCheckerTracker,Tools\CustomersManagement\SyncCheckerTracker\SyncCheckerTracker\SyncCheckerTracker.csproj,Tools,Exe,v4.5,4,0,0
Test,Tools\TemplateGeneration\Test\Test.csproj,Tools,WinExe,v4.8,2,0,0
Test,Tools\Test\Test.csproj,Tools,WinExe,v4.8,0,0,0
WindowsFormsApplication1,Tools\MultiCustomerUtil\MultiCustomerUtil\WindowsFormsApplication1\WindowsFormsApplication1.csproj,Tools,WinExe,v4.0,0,0,0
WorkSheet,Tools\WorkSheet_Custamization\WorkSheet\WorkSheet.csproj,Tools,WinExe,v4.0,0,0,0
WA1,WA1_newTrend\WA1\WA1.csproj,WA1_newTrend,Library,v4.8,0,0,0
CRAC,demo\CRAC\CRAC\CRAC.csproj,demo,Library,v4.5.2,0,0,0
